sample_index,intensity_counts,fitted_counts,residual_counts
0,0,-0.1783165606,0.1783165606
1,0,-0.1783165606,0.1783165606
2,0,-0.1783165606,0.1783165606
3,0,-0.1783165606,0.1783165606
4,0,-0.1783165606,0.1783165606
5,0,-0.1783165606,0.1783165606
6,0,-0.1783165606,0.1783165606
7,0,-0.1783165606,0.1783165606
8,0,-0.1783165606,0.1783165606
9,0,-0.1783165606,0.1783165606
10,0,-0.1783165606,0.1783165606
11,0,-0.1783165606,0.1783165606
12,0,-0.1783165606,0.1783165606
13,0,-0.1783165606,0.1783165606
14,0,-0.1783165606,0.1783165606
15,0,-0.1783165606,0.1783165606
16,0,-0.1783165606,0.1783165606
17,0,-0.1783165606,0.1783165606
18,0,-0.1783165606,0.1783165606
19,0,-0.1783165606,0.1783165606
20,0,-0.1783165606,0.1783165606
21,0,-0.1783165606,0.1783165606
22,0,-0.1783165606,0.1783165606
23,0,-0.1783165606,0.1783165606
24,0,-0.1783165606,0.1783165606
25,0,-0.1783165606,0.1783165606
26,0,-0.1783165606,0.1783165606
27,0,-0.1783165606,0.1783165606
28,0,-0.1783165606,0.1783165606
29,0,-0.1783165606,0.1783165606
30,0,-0.1783165606,0.1783165606
31,0,-0.1783165606,0.1783165606
32,0,-0.1783165606,0.1783165606
33,0,-0.1783165606,0.1783165606
34,0,-0.1783165606,0.1783165606
35,0,-0.1783165606,0.1783165606
36,0,-0.1783165606,0.1783165606
37,0,-0.1783165606,0.1783165606
38,0,-0.1783165606,0.1783165606
39,0,-0.1783165606,0.1783165606
40,0,-0.1783165606,0.1783165606
41,0,-0.1783165606,0.1783165606
42,0,-0.1783165606,0.1783165606
43,0,-0.1783165606,0.1783165606
44,0,-0.1783165606,0.1783165606
45,0,-0.1783165606,0.1783165606
46,0,-0.1783165606,0.1783165606
47,0,-0.1783165606,0.1783165606
48,0,-0.1783165606,0.1783165606
49,0,-0.1783165606,0.1783165606
50,0,-0.1783165606,0.1783165606
51,0,-0.1783165606,0.1783165606
52,0,-0.1783165606,0.1783165606
53,0,-0.1783165606,0.1783165606
54,0,-0.1783165606,0.1783165606
55,0,-0.1783165606,0.1783165606
56,0,-0.1783165606,0.1783165606
57,0,-0.1783165606,0.1783165606
58,0,-0.1783165606,0.1783165606
59,0,-0.1783165606,0.1783165606
60,0,-0.1783165606,0.1783165606
61,0,-0.1783165606,0.1783165606
62,0,-0.1783165606,0.1783165606
63,0,-0.1783165606,0.1783165606
64,0,-0.1783165606,0.1783165606
65,0,-0.1783165606,0.1783165606
66,0,-0.1783165606,0.1783165606
67,0,-0.1783165606,0.1783165606
68,0,-0.1783165606,0.1783165606
69,0,-0.1783165606,0.1783165606
70,0,-0.1783165606,0.1783165606
71,0,-0.1783165606,0.1783165606
72,0,-0.1783165606,0.1783165606
73,0,-0.1783165606,0.1783165606
74,0,-0.1783165606,0.1783165606
75,0,-0.1783165606,0.1783165606
76,0,-0.1783165606,0.1783165606
77,0,-0.1783165606,0.1783165606
78,0,-0.1783165606,0.1783165606
79,0,-0.1783165606,0.1783165606
80,0,-0.1783165606,0.1783165606
81,0,-0.1783165606,0.1783165606
82,0,-0.1783165606,0.1783165606
83,0,-0.1783165606,0.1783165606
84,0,-0.1783165606,0.1783165606
85,0,-0.1783165606,0.1783165606
86,0,-0.1783165606,0.1783165606
87,0,-0.1783165606,0.1783165606
88,0,-0.1783165606,0.1783165606
89,0,-0.1783165606,0.1783165606
90,0,-0.1783165606,0.1783165606
91,0,-0.1783165606,0.1783165606
92,0,-0.1783165606,0.1783165606
93,0,-0.1783165606,0.1783165606
94,0,-0.1783165606,0.1783165606
95,0,-0.1783165606,0.1783165606
96,0,-0.1783165606,0.1783165606
97,0,-0.1783165606,0.1783165606
98,0,-0.1783165606,0.1783165606
99,0,-0.1783165606,0.1783165606
100,0,-0.1783165606,0.1783165606
101,0,-0.1783165606,0.1783165606
102,0,-0.1783165606,0.1783165606
103,0,-0.1783165606,0.1783165606
104,0,-0.1783165606,0.1783165606
105,0,-0.1783165606,0.1783165606
106,0,-0.1783165606,0.1783165606
107,0,-0.1783165606,0.1783165606
108,0,-0.1783165606,0.1783165606
109,0,-0.1783165606,0.1783165606
110,0,-0.1783165606,0.1783165606
111,0,-0.1783165606,0.1783165606
112,0,-0.1783165606,0.1783165606
113,0,-0.1783165606,0.1783165606
114,0,-0.1783165606,0.1783165606
115,0,-0.1783165606,0.1783165606
116,0,-0.1783165606,0.1783165606
117,0,-0.1783165606,0.1783165606
118,0,-0.1783165606,0.1783165606
119,0,-0.1783165606,0.1783165606
120,0,-0.1783165606,0.1783165606
121,0,-0.1783165606,0.1783165606
122,0,-0.1783165606,0.1783165606
123,0,-0.1783165606,0.1783165606
124,0,-0.1783165606,0.1783165606
125,0,-0.1783165606,0.1783165606
126,0,-0.1783165606,0.1783165606
127,0,-0.1783165606,0.1783165606
128,0,-0.1783165606,0.1783165606
129,0,-0.1783165606,0.1783165606
130,0,-0.1783165606,0.1783165606
131,0,-0.1783165606,0.1783165606
132,0,-0.1783165606,0.1783165606
133,0,-0.1783165606,0.1783165606
134,0,-0.1783165606,0.1783165606
135,0,-0.1783165606,0.1783165606
136,0,-0.1783165606,0.1783165606
137,0,-0.1783165606,0.1783165606
138,0,-0.1783165606,0.1783165606
139,0,-0.1783165606,0.1783165606
140,0,-0.1783165606,0.1783165606
141,0,-0.1783165606,0.1783165606
142,0,-0.1783165606,0.1783165606
143,0,-0.1783165606,0.1783165606
144,0,-0.1783165606,0.1783165606
145,0,-0.1783165606,0.1783165606
146,0,-0.1783165606,0.1783165606
147,0,-0.1783165606,0.1783165606
148,0,-0.1783165606,0.1783165606
149,0,-0.1783165606,0.1783165606
150,0,-0.1783165606,0.1783165606
151,0,-0.1783165606,0.1783165606
152,0,-0.1783165606,0.1783165606
153,0,-0.1783165606,0.1783165606
154,0,-0.1783165606,0.1783165606
155,0,-0.1783165606,0.1783165606
156,0,-0.1783165606,0.1783165606
157,0,-0.1783165606,0.1783165606
158,0,-0.1783165606,0.1783165606
159,0,-0.1783165606,0.1783165606
160,0,-0.1783165606,0.1783165606
161,0,-0.1783165606,0.1783165606
162,0,-0.1783165606,0.1783165606
163,0,-0.1783165606,0.1783165606
164,0,-0.1783165606,0.1783165606
165,0,-0.1783165606,0.1783165606
166,0,-0.1783165606,0.1783165606
167,0,-0.1783165606,0.1783165606
168,0,-0.1783165606,0.1783165606
169,0,-0.1783165606,0.1783165606
170,0,-0.1783165606,0.1783165606
171,0,-0.1783165606,0.1783165606
172,0,-0.1783165606,0.1783165606
173,0,-0.1783165606,0.1783165606
174,0,-0.1783165606,0.1783165606
175,0,-0.1783165606,0.1783165606
176,0,-0.1783165606,0.1783165606
177,0,-0.1783165606,0.1783165606
178,0,-0.1783165606,0.1783165606
179,0,-0.1783165606,0.1783165606
180,0,-0.1783165606,0.1783165606
181,0,-0.1783165606,0.1783165606
182,0,-0.1783165606,0.1783165606
183,0,-0.1783165606,0.1783165606
184,0,-0.1783165606,0.1783165606
185,0,-0.1783165606,0.1783165606
186,0,-0.1783165606,0.1783165606
187,0,-0.1783165606,0.1783165606
188,0,-0.1783165606,0.1783165606
189,0,-0.1783165606,0.1783165606
190,0,-0.1783165606,0.1783165606
191,0,-0.1783165606,0.1783165606
192,0,-0.1783165606,0.1783165606
193,0,-0.1783165606,0.1783165606
194,0,-0.1783165606,0.1783165606
195,0,-0.1783165606,0.1783165606
196,0,-0.1783165606,0.1783165606
197,0,-0.1783165606,0.1783165606
198,0,-0.1783165606,0.1783165606
199,0,-0.1783165606,0.1783165606
200,0,-0.1783165606,0.1783165606
201,0,-0.1783165606,0.1783165606
202,0,-0.1783165606,0.1783165606
203,0,-0.1783165606,0.1783165606
204,0,-0.1783165606,0.1783165606
205,0,-0.1783165606,0.1783165606
206,0,-0.1783165606,0.1783165606
207,0,-0.1783165606,0.1783165606
208,0,-0.1783165606,0.1783165606
209,0,-0.1783165606,0.1783165606
210,0,-0.1783165606,0.1783165606
211,0,-0.1783165606,0.1783165606
212,0,-0.1783165606,0.1783165606
213,0,-0.1783165606,0.1783165606
214,0,-0.1783165606,0.1783165606
215,0,-0.1783165606,0.1783165606
216,0,-0.1783165606,0.1783165606
217,0,-0.1783165606,0.1783165606
218,0,-0.1783165606,0.1783165606
219,0,-0.1783165606,0.1783165606
220,0,-0.1783165606,0.1783165606
221,0,-0.1783165606,0.1783165606
222,0,-0.1783165606,0.1783165606
223,0,-0.1783165606,0.1783165606
224,0,-0.1783165606,0.1783165606
225,0,-0.1783165606,0.1783165606
226,0,-0.1783165606,0.1783165606
227,0,-0.1783165606,0.1783165606
228,0,-0.1783165606,0.1783165606
229,0,-0.1783165606,0.1783165606
230,0,-0.1783165606,0.1783165606
231,0,-0.1783165606,0.1783165606
232,0,-0.1783165606,0.1783165606
233,0,-0.1783165606,0.1783165606
234,0,-0.1783165606,0.1783165606
235,0,-0.1783165606,0.1783165606
236,0,-0.1783165606,0.1783165606
237,0,-0.1783165606,0.1783165606
238,0,-0.1783165606,0.1783165606
239,0,-0.1783165606,0.1783165606
240,0,-0.1783165606,0.1783165606
241,0,-0.1783165606,0.1783165606
242,0,-0.1783165606,0.1783165606
243,0,-0.1783165606,0.1783165606
244,0,-0.1783165606,0.1783165606
245,0,-0.1783165606,0.1783165606
246,0,-0.1783165606,0.1783165606
247,0,-0.1783165606,0.1783165606
248,0,-0.1783165606,0.1783165606
249,0,-0.1783165606,0.1783165606
250,0,-0.1783165606,0.1783165606
251,0,-0.1783165606,0.1783165606
252,0,-0.1783165606,0.1783165606
253,0,-0.1783165606,0.1783165606
254,0,-0.1783165606,0.1783165606
255,0,-0.1783165606,0.1783165606
256,0,-0.1783165606,0.1783165606
257,0,-0.1783165606,0.1783165606
258,0,-0.1783165606,0.1783165606
259,0,-0.1783165606,0.1783165606
260,0,-0.1783165606,0.1783165606
261,0,-0.1783165606,0.1783165606
262,0,-0.1783165606,0.1783165606
263,0,-0.1783165606,0.1783165606
264,0,-0.1783165606,0.1783165606
265,0,-0.1783165606,0.1783165606
266,0,-0.1783165606,0.1783165606
267,0,-0.1783165606,0.1783165606
268,0,-0.1783165606,0.1783165606
269,0,-0.1783165606,0.1783165606
270,0,-0.1783165606,0.1783165606
271,0,-0.1783165606,0.1783165606
272,0,-0.1783165606,0.1783165606
273,0,-0.1783165606,0.1783165606
274,0,-0.1783165606,0.1783165606
275,0,-0.1783165606,0.1783165606
276,0,-0.1783165606,0.1783165606
277,0,-0.1783165606,0.1783165606
278,0,-0.1783165606,0.1783165606
279,0,-0.1783165606,0.1783165606
280,0,-0.1783165606,0.1783165606
281,0,-0.1783165606,0.1783165606
282,0,-0.1783165606,0.1783165606
283,0,-0.1783165606,0.1783165606
284,0,-0.1783165606,0.1783165606
285,0,-0.1783165606,0.1783165606
286,0,-0.1783165606,0.1783165606
287,0,-0.1783165606,0.1783165606
288,0,-0.1783165606,0.1783165606
289,0,-0.1783165606,0.1783165606
290,0,-0.1783165606,0.1783165606
291,0,-0.1783165606,0.1783165606
292,0,-0.1783165606,0.1783165606
293,0,-0.1783165606,0.1783165606
294,0,-0.1783165606,0.1783165606
295,0,-0.1783165606,0.1783165606
296,0,-0.1783165606,0.1783165606
297,0,-0.1783165606,0.1783165606
298,0,-0.1783165606,0.1783165606
299,0,-0.1783165606,0.1783165606
300,0,-0.1783165606,0.1783165606
301,0,-0.1783165606,0.1783165606
302,0,-0.1783165606,0.1783165606
303,0,-0.1783165606,0.1783165606
304,0,-0.1783165606,0.1783165606
305,0,-0.1783165606,0.1783165606
306,0,-0.1783165606,0.1783165606
307,0,-0.1783165606,0.1783165606
308,0,-0.1783165606,0.1783165606
309,0,-0.1783165606,0.1783165606
310,0,-0.1783165606,0.1783165606
311,0,-0.1783165606,0.1783165606
312,0,-0.1783165606,0.1783165606
313,0,-0.1783165606,0.1783165606
314,0,-0.1783165606,0.1783165606
315,0,-0.1783165606,0.1783165606
316,0,-0.1783165606,0.1783165606
317,0,-0.1783165606,0.1783165606
318,0,-0.1783165606,0.1783165606
319,0,-0.1783165606,0.1783165606
320,0,-0.1783165606,0.1783165606
321,0,-0.1783165606,0.1783165606
322,0,-0.1783165606,0.1783165606
323,0,-0.1783165606,0.1783165606
324,0,-0.1783165606,0.1783165606
325,0,-0.1783165606,0.1783165606
326,0,-0.1783165606,0.1783165606
327,0,-0.1783165606,0.1783165606
328,0,-0.1783165606,0.1783165606
329,0,-0.1783165606,0.1783165606
330,0,-0.1783165606,0.1783165606
331,0,-0.1783165606,0.1783165606
332,0,-0.1783165606,0.1783165606
333,0,-0.1783165606,0.1783165606
334,0,-0.1783165606,0.1783165606
335,0,-0.1783165606,0.1783165606
336,0,-0.1783165606,0.1783165606
337,0,-0.1783165606,0.1783165606
338,0,-0.1783165606,0.1783165606
339,0,-0.1783165606,0.1783165606
340,0,-0.1783165606,0.1783165606
341,0,-0.1783165606,0.1783165606
342,0,-0.1783165606,0.1783165606
343,0,-0.1783165606,0.1783165606
344,0,-0.1783165606,0.1783165606
345,0,-0.1783165606,0.1783165606
346,0,-0.1783165606,0.1783165606
347,0,-0.1783165606,0.1783165606
348,0,-0.1783165606,0.1783165606
349,0,-0.1783165606,0.1783165606
350,0,-0.1783165606,0.1783165606
351,0,-0.1783165606,0.1783165606
352,0,-0.1783165606,0.1783165606
353,0,-0.1783165606,0.1783165606
354,0,-0.1783165606,0.1783165606
355,0,-0.1783165606,0.1783165606
356,0,-0.1783165606,0.1783165606
357,0,-0.1783165606,0.1783165606
358,0,-0.1783165606,0.1783165606
359,0,-0.1783165606,0.1783165606
360,0,-0.1783165606,0.1783165606
361,0,-0.1783165606,0.1783165606
362,0,-0.1783165606,0.1783165606
363,0,-0.1783165606,0.1783165606
364,0,-0.1783165606,0.1783165606
365,0,-0.1783165606,0.1783165606
366,0,-0.1783165606,0.1783165606
367,0,-0.1783165606,0.1783165606
368,0,-0.1783165606,0.1783165606
369,0,-0.1783165606,0.1783165606
370,0,-0.1783165606,0.1783165606
371,0,-0.1783165606,0.1783165606
372,0,-0.1783165606,0.1783165606
373,0,-0.1783165606,0.1783165606
374,0,-0.1783165606,0.1783165606
375,0,-0.1783165606,0.1783165606
376,0,-0.1783165606,0.1783165606
377,0,-0.1783165606,0.1783165606
378,0,-0.1783165606,0.1783165606
379,0,-0.1783165606,0.1783165606
380,0,-0.1783165606,0.1783165606
381,0,-0.1783165606,0.1783165606
382,0,-0.1783165606,0.1783165606
383,0,-0.1783165606,0.1783165606
384,0,-0.1783165606,0.1783165606
385,0,-0.1783165606,0.1783165606
386,0,-0.1783165606,0.1783165606
387,0,-0.1783165606,0.1783165606
388,0,-0.1783165606,0.1783165606
389,0,-0.1783165606,0.1783165606
390,0,-0.1783165606,0.1783165606
391,0,-0.1783165606,0.1783165606
392,0,-0.1783165606,0.1783165606
393,0,-0.1783165606,0.1783165606
394,0,-0.1783165606,0.1783165606
395,0,-0.1783165606,0.1783165606
396,0,-0.1783165606,0.1783165606
397,0,-0.1783165606,0.1783165606
398,0,-0.1783165606,0.1783165606
399,0,-0.1783165606,0.1783165606
400,0,-0.1783165606,0.1783165606
401,0,-0.1783165606,0.1783165606
402,0,-0.1783165606,0.1783165606
403,0,-0.1783165606,0.1783165606
404,0,-0.1783165606,0.1783165606
405,0,-0.1783165606,0.1783165606
406,0,-0.1783165606,0.1783165606
407,0,-0.1783165606,0.1783165606
408,0,-0.1783165606,0.1783165606
409,0,-0.1783165606,0.1783165606
410,0,-0.1783165606,0.1783165606
411,0,-0.1783165606,0.1783165606
412,0,-0.1783165606,0.1783165606
413,0,-0.1783165606,0.1783165606
414,0,-0.1783165606,0.1783165606
415,0,-0.1783165606,0.1783165606
416,0,-0.1783165606,0.1783165606
417,0,-0.1783165606,0.1783165606
418,0,-0.1783165606,0.1783165606
419,0,-0.1783165606,0.1783165606
420,0,-0.1783165606,0.1783165606
421,0,-0.1783165606,0.1783165606
422,0,-0.1783165606,0.1783165606
423,0,-0.1783165606,0.1783165606
424,0,-0.1783165606,0.1783165606
425,0,-0.1783165606,0.1783165606
426,0,-0.1783165606,0.1783165606
427,0,-0.1783165606,0.1783165606
428,0,-0.1783165606,0.1783165606
429,0,-0.1783165606,0.1783165606
430,0,-0.1783165606,0.1783165606
431,0,-0.1783165606,0.1783165606
432,0,-0.1783165606,0.1783165606
433,0,-0.1783165606,0.1783165606
434,0,-0.1783165606,0.1783165606
435,0,-0.1783165606,0.1783165606
436,0,-0.1783165606,0.1783165606
437,0,-0.1783165606,0.1783165606
438,0,-0.1783165606,0.1783165606
439,0,-0.1783165606,0.1783165606
440,0,-0.1783165606,0.1783165606
441,0,-0.1783165606,0.1783165606
442,0,-0.1783165606,0.1783165606
443,0,-0.1783165606,0.1783165606
444,0,-0.1783165606,0.1783165606
445,0,-0.1783165606,0.1783165606
446,0,-0.1783165606,0.1783165606
447,0,-0.1783165606,0.1783165606
448,0,-0.1783165606,0.1783165606
449,0,-0.1783165606,0.1783165606
450,0,-0.1783165606,0.1783165606
451,0,-0.1783165606,0.1783165606
452,0,-0.1783165606,0.1783165606
453,0,-0.1783165606,0.1783165606
454,0,-0.1783165606,0.1783165606
455,0,-0.1783165606,0.1783165606
456,0,-0.1783165606,0.1783165606
457,0,-0.1783165606,0.1783165606
458,0,-0.1783165606,0.1783165606
459,0,-0.1783165606,0.1783165606
460,0,-0.1783165606,0.1783165606
461,0,-0.1783165606,0.1783165606
462,0,-0.1783165606,0.1783165606
463,0,-0.1783165606,0.1783165606
464,0,-0.1783165606,0.1783165606
465,0,-0.1783165606,0.1783165606
466,0,-0.1783165606,0.1783165606
467,0,-0.1783165606,0.1783165606
468,0,-0.1783165606,0.1783165606
469,0,-0.1783165606,0.1783165606
470,0,-0.1783165606,0.1783165606
471,0,-0.1783165606,0.1783165606
472,0,-0.1783165606,0.1783165606
473,0,-0.1783165606,0.1783165606
474,0,-0.1783165606,0.1783165606
475,0,-0.1783165606,0.1783165606
476,0,-0.1783165606,0.1783165606
477,0,-0.1783165606,0.1783165606
478,0,-0.1783165606,0.1783165606
479,0,-0.1783165606,0.1783165606
480,0,-0.1783165606,0.1783165606
481,0,-0.1783165606,0.1783165606
482,0,-0.1783165606,0.1783165606
483,0,-0.1783165606,0.1783165606
484,0,-0.1783165606,0.1783165606
485,0,-0.1783165606,0.1783165606
486,0,-0.1783165606,0.1783165606
487,0,-0.1783165606,0.1783165606
488,0,-0.1783165606,0.1783165606
489,0,-0.1783165606,0.1783165606
490,0,-0.1783165606,0.1783165606
491,0,-0.1783165606,0.1783165606
492,0,-0.1783165606,0.1783165606
493,0,-0.1783165606,0.1783165606
494,0,-0.1783165606,0.1783165606
495,0,-0.1783165606,0.1783165606
496,0,-0.1783165606,0.1783165606
497,0,-0.1783165606,0.1783165606
498,0,-0.1783165606,0.1783165606
499,0,-0.1783165606,0.1783165606
500,0,-0.1783165606,0.1783165606
501,0,-0.1783165606,0.1783165606
502,0,-0.1783165606,0.1783165606
503,0,-0.1783165606,0.1783165606
504,0,-0.1783165606,0.1783165606
505,0,-0.1783165606,0.1783165606
506,0,-0.1783165606,0.1783165606
507,0,-0.1783165606,0.1783165606
508,0,-0.1783165606,0.1783165606
509,0,-0.1783165606,0.1783165606
510,0,-0.1783165606,0.1783165606
511,0,-0.1783165606,0.1783165606
512,0,-0.1783165606,0.1783165606
513,0,-0.1783165606,0.1783165606
514,0,-0.1783165606,0.1783165606
515,0,-0.1783165606,0.1783165606
516,0,-0.1783165606,0.1783165606
517,0,-0.1783165606,0.1783165606
518,0,-0.1783165606,0.1783165606
519,0,-0.1783165606,0.1783165606
520,0,-0.1783165606,0.1783165606
521,0,-0.1783165606,0.1783165606
522,0,-0.1783165606,0.1783165606
523,0,-0.1783165606,0.1783165606
524,0,-0.1783165606,0.1783165606
525,0,-0.1783165606,0.1783165606
526,0,-0.1783165606,0.1783165606
527,0,-0.1783165606,0.1783165606
528,0,-0.1783165606,0.1783165606
529,0,-0.1783165606,0.1783165606
530,0,-0.1783165606,0.1783165606
531,0,-0.1783165606,0.1783165606
532,0,-0.1783165606,0.1783165606
533,0,-0.1783165606,0.1783165606
534,0,-0.1783165606,0.1783165606
535,0,-0.1783165606,0.1783165606
536,0,-0.1783165606,0.1783165606
537,0,-0.1783165606,0.1783165606
538,0,-0.1783165606,0.1783165606
539,0,-0.1783165606,0.1783165606
540,0,-0.1783165606,0.1783165606
541,0,-0.1783165606,0.1783165606
542,0,-0.1783165606,0.1783165606
543,0,-0.1783165606,0.1783165606
544,0,-0.1783165606,0.1783165606
545,0,-0.1783165606,0.1783165606
546,0,-0.1783165606,0.1783165606
547,0,-0.1783165606,0.1783165606
548,0,-0.1783165606,0.1783165606
549,0,-0.1783165606,0.1783165606
550,0,-0.1783165606,0.1783165606
551,0,-0.1783165606,0.1783165606
552,0,-0.1783165606,0.1783165606
553,0,-0.1783165606,0.1783165606
554,0,-0.1783165606,0.1783165606
555,0,-0.1783165606,0.1783165606
556,0,-0.1783165606,0.1783165606
557,0,-0.1783165606,0.1783165606
558,0,-0.1783165606,0.1783165606
559,0,-0.1783165606,0.1783165606
560,0,-0.1783165606,0.1783165606
561,0,-0.1783165606,0.1783165606
562,0,-0.1783165606,0.1783165606
563,0,-0.1783165606,0.1783165606
564,0,-0.1783165606,0.1783165606
565,0,-0.1783165606,0.1783165606
566,0,-0.1783165606,0.1783165606
567,0,-0.1783165606,0.1783165606
568,0,-0.1783165606,0.1783165606
569,0,-0.1783165606,0.1783165606
570,0,-0.1783165606,0.1783165606
571,0,-0.1783165606,0.1783165606
572,0,-0.1783165606,0.1783165606
573,0,-0.1783165606,0.1783165606
574,0,-0.1783165606,0.1783165606
575,0,-0.1783165606,0.1783165606
576,0,-0.1783165606,0.1783165606
577,0,-0.1783165606,0.1783165606
578,0,-0.1783165606,0.1783165606
579,0,-0.1783165606,0.1783165606
580,0,-0.1783165606,0.1783165606
581,0,-0.1783165606,0.1783165606
582,0,-0.1783165606,0.1783165606
583,0,-0.1783165606,0.1783165606
584,0,-0.1783165606,0.1783165606
585,0,-0.1783165606,0.1783165606
586,0,-0.1783165606,0.1783165606
587,0,-0.1783165606,0.1783165606
588,0,-0.1783165606,0.1783165606
589,0,-0.1783165606,0.1783165606
590,0,-0.1783165606,0.1783165606
591,0,-0.1783165606,0.1783165606
592,0,-0.1783165606,0.1783165606
593,0,-0.1783165606,0.1783165606
594,0,-0.1783165606,0.1783165606
595,0,-0.1783165606,0.1783165606
596,0,-0.1783165606,0.1783165606
597,0,-0.1783165606,0.1783165606
598,0,-0.1783165606,0.1783165606
599,0,-0.1783165606,0.1783165606
600,0,-0.1783165606,0.1783165606
601,0,-0.1783165606,0.1783165606
602,0,-0.1783165606,0.1783165606
603,0,-0.1783165606,0.1783165606
604,0,-0.1783165606,0.1783165606
605,0,-0.1783165606,0.1783165606
606,0,-0.1783165606,0.1783165606
607,0,-0.1783165606,0.1783165606
608,0,-0.1783165606,0.1783165606
609,0,-0.1783165606,0.1783165606
610,0,-0.1783165606,0.1783165606
611,0,-0.1783165606,0.1783165606
612,0,-0.1783165606,0.1783165606
613,0,-0.1783165606,0.1783165606
614,0,-0.1783165606,0.1783165606
615,0,-0.1783165606,0.1783165606
616,0,-0.1783165606,0.1783165606
617,0,-0.1783165606,0.1783165606
618,0,-0.1783165606,0.1783165606
619,0,-0.1783165606,0.1783165606
620,0,-0.1783165606,0.1783165606
621,0,-0.1783165606,0.1783165606
622,0,-0.1783165606,0.1783165606
623,0,-0.1783165606,0.1783165606
624,0,-0.1783165606,0.1783165606
625,0,-0.1783165606,0.1783165606
626,0,-0.1783165606,0.1783165606
627,0,-0.1783165606,0.1783165606
628,0,-0.1783165606,0.1783165606
629,0,-0.1783165606,0.1783165606
630,0,-0.1783165606,0.1783165606
631,0,-0.1783165606,0.1783165606
632,0,-0.1783165606,0.1783165606
633,0,-0.1783165606,0.1783165606
634,0,-0.1783165606,0.1783165606
635,0,-0.1783165606,0.1783165606
636,0,-0.1783165606,0.1783165606
637,0,-0.1783165606,0.1783165606
638,0,-0.1783165606,0.1783165606
639,0,-0.1783165606,0.1783165606
640,0,-0.1783165606,0.1783165606
641,0,-0.1783165606,0.1783165606
642,0,-0.1783165606,0.1783165606
643,0,-0.1783165606,0.1783165606
644,0,-0.1783165606,0.1783165606
645,0,-0.1783165606,0.1783165606
646,0,-0.1783165606,0.1783165606
647,0,-0.1783165606,0.1783165606
648,0,-0.1783165606,0.1783165606
649,0,-0.1783165606,0.1783165606
650,0,-0.1783165606,0.1783165606
651,0,-0.1783165606,0.1783165606
652,0,-0.1783165606,0.1783165606
653,0,-0.1783165606,0.1783165606
654,0,-0.1783165606,0.1783165606
655,0,-0.1783165606,0.1783165606
656,0,-0.1783165606,0.1783165606
657,0,-0.1783165606,0.1783165606
658,0,-0.1783165606,0.1783165606
659,0,-0.1783165606,0.1783165606
660,0,-0.1783165606,0.1783165606
661,0,-0.1783165606,0.1783165606
662,0,-0.1783165606,0.1783165606
663,0,-0.1783165606,0.1783165606
664,0,-0.1783165606,0.1783165606
665,0,-0.1783165606,0.1783165606
666,0,-0.1783165606,0.1783165606
667,0,-0.1783165606,0.1783165606
668,0,-0.1783165606,0.1783165606
669,0,-0.1783165606,0.1783165606
670,0,-0.1783165606,0.1783165606
671,0,-0.1783165606,0.1783165606
672,0,-0.1783165606,0.1783165606
673,0,-0.1783165606,0.1783165606
674,0,-0.1783165606,0.1783165606
675,0,-0.1783165606,0.1783165606
676,0,-0.1783165606,0.1783165606
677,0,-0.1783165606,0.1783165606
678,0,-0.1783165606,0.1783165606
679,0,-0.1783165606,0.1783165606
680,0,-0.1783165606,0.1783165606
681,0,-0.1783165606,0.1783165606
682,0,-0.1783165606,0.1783165606
683,0,-0.1783165606,0.1783165606
684,0,-0.1783165606,0.1783165606
685,0,-0.1783165606,0.1783165606
686,0,-0.1783165606,0.1783165606
687,0,-0.1783165606,0.1783165606
688,0,-0.1783165606,0.1783165606
689,0,-0.1783165606,0.1783165606
690,0,-0.1783165606,0.1783165606
691,0,-0.1783165606,0.1783165606
692,0,-0.1783165606,0.1783165606
693,0,-0.1783165606,0.1783165606
694,0,-0.1783165606,0.1783165606
695,0,-0.1783165606,0.1783165606
696,0,-0.1783165606,0.1783165606
697,0,-0.1783165606,0.1783165606
698,0,-0.1783165606,0.1783165606
699,0,-0.1783165606,0.1783165606
700,0,-0.1783165606,0.1783165606
701,0,-0.1783165606,0.1783165606
702,0,-0.1783165606,0.1783165606
703,0,-0.1783165606,0.1783165606
704,0,-0.1783165606,0.1783165606
705,0,-0.1783165605,0.1783165605
706,0,-0.1783165605,0.1783165605
707,0,-0.1783165604,0.1783165604
708,0,-0.1783165604,0.1783165604
709,0,-0.1783165602,0.1783165602
710,0,-0.17831656,0.17831656
711,0,-0.1783165597,0.1783165597
712,0,-0.1783165593,0.1783165593
713,0,-0.1783165586,0.1783165586
714,0,-0.1783165576,0.1783165576
715,0,-0.1783165562,0.1783165562
716,0,-0.178316554,0.178316554
717,0,-0.1783165508,0.1783165508
718,0,-0.1783165462,0.1783165462
719,0,-0.1783165394,0.1783165394
720,0,-0.1783165295,0.1783165295
721,0,-0.1783165151,0.1783165151
722,0,-0.1783164944,0.1783164944
723,0,-0.1783164644,0.1783164644
724,0,-0.1783164213,0.1783164213
725,0,-0.1783163595,0.1783163595
726,0,-0.1783162712,0.1783162712
727,0,-0.1783161456,0.1783161456
728,0,-0.1783159674,0.1783159674
729,0,-0.1783157153,0.1783157153
730,0,-0.1783153598,0.1783153598
731,0,-0.1783148605,0.1783148605
732,0,-0.1783141611,0.1783141611
733,0,-0.1783131848,0.1783131848
734,0,-0.1783118265,0.1783118265
735,0,-0.1783099429,0.1783099429
736,0,-0.1783073393,0.1783073393
737,0,-0.1783037525,0.1783037525
738,0,-0.1782988275,0.1782988275
739,0,-0.178292087,0.178292087
740,0,-0.1782828922,0.1782828922
741,0,-0.178270391,0.178270391
742,0,-0.1782534503,0.1782534503
743,0,-0.1782305693,0.1782305693
744,0,-0.1781997669,0.1781997669
745,0,-0.1781584378,0.1781584378
746,0,-0.1781031676,0.1781031676
747,0,-0.1780294983,0.1780294983
748,0,-0.17793163,0.17793163
749,0,-0.1778020443,0.1778020443
750,0,-0.1776310309,0.1776310309
751,0,-0.1774060946,0.1774060946
752,0,-0.1771112151,0.1771112151
753,0,-0.1767259285,0.1767259285
754,0,-0.1762241914,0.1762241914
755,0,-0.1755729829,0.1755729829
756,0,-0.1747305911,0.1747305911
757,0,-0.1736445235,0.1736445235
758,0,-0.172248969,0.172248969
759,0,-0.1704617308,0.1704617308
760,0,-0.1681805375,0.1681805375
761,0,-0.1652786267,0.1652786267
762,0,-0.1615994842,0.1615994842
763,0,-0.1569506082,0.1569506082
764,0,-0.1510961573,0.1510961573
765,0,-0.1437483238,0.1437483238
766,0,-0.1345572699,0.1345572699
767,0,-0.1230994482,0.1230994482
768,0,-0.1088641249,0.1088641249
769,0,-0.09123791927,0.09123791927
770,0,-0.06948717442,0.06948717442
771,0,-0.04273797848,0.04273797848
772,0,-0.00995367198,0.00995367198
773,0,0.03009030484,-0.03009030484
774,0,0.07883433868,-0.07883433868
775,0,0.1379654171,-0.1379654171
776,0,0.2094507699,-0.2094507699
777,0,0.2955743299,-0.2955743299
778,0,0.3989758879,-0.3989758879
779,0,0.5226927164,-0.5226927164
780,0,0.6702033288,-0.6702033288
781,0,0.8454729147,-0.8454729147
782,0,1.052999849,-1.052999849
783,0,1.297862519,-1.297862519
784,0,1.585765559,-1.585765559
785,0,1.92308438,-1.92308438
786,0,2.316906751,-2.316906751
787,0,2.775069962,-2.775069962
788,0,3.306191959,-3.306191959
789,0,3.919694681,-3.919694681
790,0,4.625817662,-4.625817662
791,0,5.435619895,-5.435619895
792,0,6.360967828,-6.360967828
793,0,7.414507383,-7.414507383
794,0,8.609617863,-8.609617863
795,0,9.960345739,-9.960345739
796,0,11.48131643,-11.48131643
797,0,13.18762247,-13.18762247
798,0,15.09468668,-15.09468668
799,0,17.21809944,-17.21809944
800,1,19.57342969,-18.57342969
801,3,22.1760096,-19.1760096
802,3,25.04069389,-22.04069389
803,6,28.18159502,-22.18159502
804,9,31.61179676,-22.61179676
805,15,35.34304891,-20.34304891
806,18,39.38544727,-21.38544727
807,26,43.74710337,-17.74710337
808,31,48.43380955,-17.43380955
809,40,53.44870567,-13.44870567
810,43,58.79195414,-15.79195414
811,56,64.46043101,-8.460431007
812,58,70.44744067,-12.44744067
813,77,76.74246248,0.2575375236
814,80,83.33093731,-3.330937312
815,96,90.19410207,5.805897934
816,101,97.30887964,3.691120355
817,117,104.6478314,12.35216859
818,123,112.1791781,10.82082187
819,138,119.8668944,18.13310558
820,142,127.6708803,14.3291197
821,155,135.547212,19.45278798
822,160,143.4484726,16.55152738
823,173,151.3241608,21.67583919
824,175,159.121175,15.87882495
825,189,166.7843675,22.21563253
826,193,174.2571608,18.74283918
827,193,181.4822194,11.51778059
828,201,188.4021634,12.59783656
829,203,194.960315,8.039685018
830,210,201.101462,8.898538037
831,211,206.7726263,4.227373729
832,215,211.923821,3.076179017
833,218,216.5087817,1.491218255
834,219,220.4856574,-1.48565736
835,219,223.8176452,-4.817645198
836,221,226.473558,-5.473557955
837,221,228.4283096,-7.428309554
838,220,229.6633096,-9.663309616
839,218,230.1667578,-12.1667578
840,215,229.9338315,-14.93383153
841,213,228.9667629,-15.9667629
842,212,227.2748031,-15.27480307
843,210,224.8740749,-14.87407492
844,206,221.7873173,-15.78731727
845,201,218.0435263,-17.04352629
846,197,213.6775021,-16.67750214
847,194,208.7293105,-14.72931054
848,189,203.2436711,-14.2436711
849,186,197.2692854,-11.26928543
850,182,190.858119,-8.858118961
851,179,184.0646515,-5.064651548
852,177,176.9451116,0.0548884196
853,174,169.5567088,4.443291217
854,165,161.95688,3.04311995
855,161,154.202562,6.797438005
856,159,146.3495027,12.65049727
857,154,138.451624,15.54837601
858,147,130.5604431,16.43955693
859,142,122.7245624,19.27543759
860,136,114.9892326,21.01076743
861,129,107.3959926,21.60400737
862,120,99.98239001,20.01760999
863,113,92.78177993,20.21822007
864,101,85.82320296,15.17679704
865,100,79.13133761,20.86866239
866,87,72.72652327,14.27347673
867,80,66.62484811,13.37515189
868,71,60.83829497,10.16170503
869,62,55.37493811,6.625061885
870,48,50.23918289,-2.239182893
871,43,45.4320402,-2.432040198
872,31,40.95142767,-9.951427672
873,26,36.79248963,-10.79248963
874,15,32.94792815,-17.94792815
875,12,29.40833813,-17.40833813
876,6,26.16253998,-20.16253998
877,3,23.19790396,-20.19790396
878,1,20.50066142,-19.50066142
879,1,18.05619852,-17.05619852
880,0,15.84932933,-15.84932933
881,0,13.86454555,-13.86454555
882,0,12.08624132,-12.08624132
883,0,10.49891189,-10.49891189
884,0,9.087326071,-9.087326071
885,0,7.83667241,-7.83667241
886,0,6.732680128,-6.732680128
887,0,5.761715832,-5.761715832
888,0,4.91085761,-4.91085761
889,0,4.167948293,-4.167948293
890,0,3.521629852,-3.521629852
891,0,2.961361028,-2.961361028
892,0,2.477420317,-2.477420317
893,0,2.060896447,-2.060896447
894,0,1.703668384,-1.703668384
895,0,1.398376855,-1.398376855
896,0,1.1383892,-1.1383892
897,0,0.9177592414,-0.9177592414
898,0,0.731183677,-0.731183677
899,0,0.5739563383,-0.5739563383
900,0,0.441921465,-0.441921465
901,0,0.3314269823,-0.3314269823
902,0,0.2392785935,-0.2392785935
903,0,0.1626953439,-0.1626953439
904,0,0.09926716648,-0.09926716648
905,0,0.04691478825,-0.04691478825
906,0,0.003852259463,-0.003852259463
907,0,-0.03144773385,0.03144773385
908,0,-0.06028569874,0.06028569874
909,0,-0.08376430281,0.08376430281
910,0,-0.1028145353,0.1028145353
911,0,-0.1182191622,0.1182191622
912,0,-0.1306336107,0.1306336107
913,0,-0.140604442,0.140604442
914,0,-0.1485855878,0.1485855878
915,0,-0.1549525346,0.1549525346
916,0,-0.1600146422,0.1600146422
917,0,-0.164025781,0.164025781
918,0,-0.1671934668,0.1671934668
919,0,-0.1696866629,0.1696866629
920,0,-0.1716424089,0.1716424089
921,0,-0.1731714245,0.1731714245
922,0,-0.1743628212,0.1743628212
923,0,-0.1752880466,0.1752880466
924,0,-0.1760041684,0.1760041684
925,0,-0.1765565966,0.1765565966
926,0,-0.1769813295,0.1769813295
927,0,-0.1773067976,0.1773067976
928,0,-0.1775553709,0.1775553709
929,0,-0.1777445861,0.1777445861
930,0,-0.1778881396,0.1778881396
931,0,-0.1779966893,0.1779966893
932,0,-0.1780784985,0.1780784985
933,0,-0.1781399505,0.1781399505
934,0,-0.1781859582,0.1781859582
935,0,-0.1782202892,0.1782202892
936,0,-0.1782458225,0.1782458225
937,0,-0.1782647498,0.1782647498
938,0,-0.178278734,0.178278734
939,0,-0.178289032,0.178289032
940,0,-0.1782965904,0.1782965904
941,0,-0.1783021198,0.1783021198
942,0,-0.1783061516,0.1783061516
943,0,-0.1783090817,0.1783090817
944,0,-0.1783112041,0.1783112041
945,0,-0.1783127365,0.1783127365
946,0,-0.1783138392,0.1783138392
947,0,-0.1783146302,0.1783146302
948,0,-0.1783151956,0.1783151956
949,0,-0.1783155985,0.1783155985
950,0,-0.1783158846,0.1783158846
951,0,-0.1783160872,0.1783160872
952,0,-0.1783162301,0.1783162301
953,0,-0.1783163306,0.1783163306
954,0,-0.1783164011,0.1783164011
955,0,-0.1783164503,0.1783164503
956,0,-0.1783164846,0.1783164846
957,0,-0.1783165084,0.1783165084
958,0,-0.1783165248,0.1783165248
959,0,-0.1783165362,0.1783165362
960,0,-0.178316544,0.178316544
961,0,-0.1783165493,0.1783165493
962,0,-0.178316553,0.178316553
963,0,-0.1783165555,0.1783165555
964,0,-0.1783165572,0.1783165572
965,0,-0.1783165583,0.1783165583
966,0,-0.1783165591,0.1783165591
967,0,-0.1783165596,0.1783165596
968,0,-0.1783165599,0.1783165599
969,0,-0.1783165602,0.1783165602
970,0,-0.1783165603,0.1783165603
971,0,-0.1783165604,0.1783165604
972,0,-0.1783165605,0.1783165605
973,0,-0.1783165605,0.1783165605
974,0,-0.1783165606,0.1783165606
975,0,-0.1783165606,0.1783165606
976,0,-0.1783165606,0.1783165606
977,0,-0.1783165606,0.1783165606
978,0,-0.1783165606,0.1783165606
979,0,-0.1783165606,0.1783165606
980,0,-0.1783165606,0.1783165606
981,0,-0.1783165606,0.1783165606
982,0,-0.1783165606,0.1783165606
983,0,-0.1783165606,0.1783165606
984,0,-0.1783165606,0.1783165606
985,0,-0.1783165606,0.1783165606
986,0,-0.1783165606,0.1783165606
987,0,-0.1783165606,0.1783165606
988,0,-0.1783165606,0.1783165606
989,0,-0.1783165606,0.1783165606
990,0,-0.1783165606,0.1783165606
991,0,-0.1783165606,0.1783165606
992,0,-0.1783165606,0.1783165606
993,0,-0.1783165606,0.1783165606
994,0,-0.1783165606,0.1783165606
995,0,-0.1783165606,0.1783165606
996,0,-0.1783165606,0.1783165606
997,0,-0.1783165606,0.1783165606
998,0,-0.1783165606,0.1783165606
999,0,-0.1783165606,0.1783165606
1000,0,-0.1783165606,0.1783165606
1001,0,-0.1783165606,0.1783165606
1002,0,-0.1783165606,0.1783165606
1003,0,-0.1783165606,0.1783165606
1004,0,-0.1783165606,0.1783165606
1005,0,-0.1783165606,0.1783165606
1006,0,-0.1783165606,0.1783165606
1007,0,-0.1783165606,0.1783165606
1008,0,-0.1783165606,0.1783165606
1009,0,-0.1783165606,0.1783165606
1010,0,-0.1783165606,0.1783165606
1011,0,-0.1783165606,0.1783165606
1012,0,-0.1783165606,0.1783165606
1013,0,-0.1783165606,0.1783165606
1014,0,-0.1783165606,0.1783165606
1015,0,-0.1783165606,0.1783165606
1016,0,-0.1783165606,0.1783165606
1017,0,-0.1783165606,0.1783165606
1018,0,-0.1783165606,0.1783165606
1019,0,-0.1783165606,0.1783165606
1020,0,-0.1783165606,0.1783165606
1021,0,-0.1783165606,0.1783165606
1022,0,-0.1783165606,0.1783165606
1023,0,-0.1783165606,0.1783165606
1024,0,-0.1783165606,0.1783165606
1025,0,-0.1783165606,0.1783165606
1026,0,-0.1783165606,0.1783165606
1027,0,-0.1783165606,0.1783165606
1028,0,-0.1783165606,0.1783165606
1029,0,-0.1783165606,0.1783165606
1030,0,-0.1783165606,0.1783165606
1031,0,-0.1783165606,0.1783165606
1032,0,-0.1783165606,0.1783165606
1033,0,-0.1783165606,0.1783165606
1034,0,-0.1783165606,0.1783165606
1035,0,-0.1783165606,0.1783165606
1036,0,-0.1783165606,0.1783165606
1037,0,-0.1783165606,0.1783165606
1038,0,-0.1783165606,0.1783165606
1039,0,-0.1783165606,0.1783165606
1040,0,-0.1783165606,0.1783165606
1041,0,-0.1783165606,0.1783165606
1042,0,-0.1783165606,0.1783165606
1043,0,-0.1783165606,0.1783165606
1044,0,-0.1783165606,0.1783165606
1045,0,-0.1783165606,0.1783165606
1046,0,-0.1783165606,0.1783165606
1047,0,-0.1783165606,0.1783165606
1048,0,-0.1783165606,0.1783165606
1049,0,-0.1783165606,0.1783165606
1050,0,-0.1783165606,0.1783165606
1051,0,-0.1783165606,0.1783165606
1052,0,-0.1783165606,0.1783165606
1053,0,-0.1783165606,0.1783165606
1054,0,-0.1783165606,0.1783165606
1055,0,-0.1783165606,0.1783165606
1056,0,-0.1783165606,0.1783165606
1057,0,-0.1783165606,0.1783165606
1058,0,-0.1783165606,0.1783165606
1059,0,-0.1783165606,0.1783165606
1060,0,-0.1783165606,0.1783165606
1061,0,-0.1783165606,0.1783165606
1062,0,-0.1783165606,0.1783165606
1063,0,-0.1783165606,0.1783165606
1064,0,-0.1783165606,0.1783165606
1065,0,-0.1783165606,0.1783165606
1066,0,-0.1783165606,0.1783165606
1067,0,-0.1783165606,0.1783165606
1068,0,-0.1783165606,0.1783165606
1069,0,-0.1783165606,0.1783165606
1070,0,-0.1783165606,0.1783165606
1071,0,-0.1783165606,0.1783165606
1072,0,-0.1783165606,0.1783165606
1073,0,-0.1783165606,0.1783165606
1074,0,-0.1783165606,0.1783165606
1075,0,-0.1783165606,0.1783165606
1076,0,-0.1783165606,0.1783165606
1077,0,-0.1783165606,0.1783165606
1078,0,-0.1783165606,0.1783165606
1079,0,-0.1783165606,0.1783165606
1080,0,-0.1783165606,0.1783165606
1081,0,-0.1783165606,0.1783165606
1082,0,-0.1783165606,0.1783165606
1083,0,-0.1783165606,0.1783165606
1084,0,-0.1783165606,0.1783165606
1085,0,-0.1783165606,0.1783165606
1086,0,-0.1783165606,0.1783165606
1087,0,-0.1783165606,0.1783165606
1088,0,-0.1783165606,0.1783165606
1089,0,-0.1783165606,0.1783165606
1090,0,-0.1783165606,0.1783165606
1091,0,-0.1783165606,0.1783165606
1092,0,-0.1783165606,0.1783165606
1093,0,-0.1783165606,0.1783165606
1094,0,-0.1783165606,0.1783165606
1095,0,-0.1783165606,0.1783165606
1096,0,-0.1783165606,0.1783165606
1097,0,-0.1783165606,0.1783165606
1098,0,-0.1783165606,0.1783165606
1099,0,-0.1783165606,0.1783165606
1100,0,-0.1783165606,0.1783165606
1101,0,-0.1783165606,0.1783165606
1102,0,-0.1783165606,0.1783165606
1103,0,-0.1783165606,0.1783165606
1104,0,-0.1783165606,0.1783165606
1105,0,-0.1783165606,0.1783165606
1106,0,-0.1783165606,0.1783165606
1107,0,-0.1783165606,0.1783165606
1108,0,-0.1783165606,0.1783165606
1109,0,-0.1783165606,0.1783165606
1110,0,-0.1783165606,0.1783165606
1111,0,-0.1783165606,0.1783165606
1112,0,-0.1783165606,0.1783165606
1113,0,-0.1783165606,0.1783165606
1114,0,-0.1783165606,0.1783165606
1115,0,-0.1783165606,0.1783165606
1116,0,-0.1783165606,0.1783165606
1117,0,-0.1783165606,0.1783165606
1118,0,-0.1783165606,0.1783165606
1119,0,-0.1783165606,0.1783165606
1120,0,-0.1783165606,0.1783165606
1121,0,-0.1783165606,0.1783165606
1122,0,-0.1783165606,0.1783165606
1123,0,-0.1783165606,0.1783165606
1124,0,-0.1783165606,0.1783165606
1125,0,-0.1783165606,0.1783165606
1126,0,-0.1783165606,0.1783165606
1127,0,-0.1783165606,0.1783165606
1128,0,-0.1783165606,0.1783165606
1129,0,-0.1783165606,0.1783165606
1130,0,-0.1783165606,0.1783165606
1131,0,-0.1783165606,0.1783165606
1132,0,-0.1783165606,0.1783165606
1133,0,-0.1783165606,0.1783165606
1134,0,-0.1783165606,0.1783165606
1135,0,-0.1783165606,0.1783165606
1136,0,-0.1783165606,0.1783165606
1137,0,-0.1783165606,0.1783165606
1138,0,-0.1783165606,0.1783165606
1139,0,-0.1783165606,0.1783165606
1140,0,-0.1783165606,0.1783165606
1141,0,-0.1783165606,0.1783165606
1142,0,-0.1783165606,0.1783165606
1143,0,-0.1783165606,0.1783165606
1144,0,-0.1783165606,0.1783165606
1145,0,-0.1783165606,0.1783165606
1146,0,-0.1783165606,0.1783165606
1147,0,-0.1783165606,0.1783165606
1148,0,-0.1783165606,0.1783165606
1149,0,-0.1783165606,0.1783165606
1150,0,-0.1783165606,0.1783165606
1151,0,-0.1783165606,0.1783165606
1152,0,-0.1783165606,0.1783165606
1153,0,-0.1783165606,0.1783165606
1154,0,-0.1783165606,0.1783165606
1155,0,-0.1783165606,0.1783165606
1156,0,-0.1783165606,0.1783165606
1157,0,-0.1783165606,0.1783165606
1158,0,-0.1783165606,0.1783165606
1159,0,-0.1783165606,0.1783165606
1160,0,-0.1783165606,0.1783165606
1161,0,-0.1783165606,0.1783165606
1162,0,-0.1783165606,0.1783165606
1163,0,-0.1783165606,0.1783165606
1164,0,-0.1783165606,0.1783165606
1165,0,-0.1783165606,0.1783165606
1166,0,-0.1783165606,0.1783165606
1167,0,-0.1783165606,0.1783165606
1168,0,-0.1783165606,0.1783165606
1169,0,-0.1783165606,0.1783165606
1170,0,-0.1783165606,0.1783165606
1171,0,-0.1783165606,0.1783165606
1172,0,-0.1783165606,0.1783165606
1173,0,-0.1783165606,0.1783165606
1174,0,-0.1783165606,0.1783165606
1175,0,-0.1783165606,0.1783165606
1176,0,-0.1783165606,0.1783165606
1177,0,-0.1783165606,0.1783165606
1178,0,-0.1783165606,0.1783165606
1179,0,-0.1783165606,0.1783165606
1180,0,-0.1783165606,0.1783165606
1181,0,-0.1783165606,0.1783165606
1182,0,-0.1783165606,0.1783165606
1183,0,-0.1783165606,0.1783165606
1184,0,-0.1783165606,0.1783165606
1185,0,-0.1783165606,0.1783165606
1186,0,-0.1783165606,0.1783165606
1187,0,-0.1783165606,0.1783165606
1188,0,-0.1783165606,0.1783165606
1189,0,-0.1783165606,0.1783165606
1190,0,-0.1783165606,0.1783165606
1191,0,-0.1783165606,0.1783165606
1192,0,-0.1783165606,0.1783165606
1193,0,-0.1783165606,0.1783165606
1194,0,-0.1783165606,0.1783165606
1195,0,-0.1783165606,0.1783165606
1196,0,-0.1783165606,0.1783165606
1197,0,-0.1783165606,0.1783165606
1198,0,-0.1783165606,0.1783165606
1199,0,-0.1783165606,0.1783165606
1200,0,-0.1783165606,0.1783165606
1201,0,-0.1783165606,0.1783165606
1202,0,-0.1783165606,0.1783165606
1203,0,-0.1783165606,0.1783165606
1204,0,-0.1783165606,0.1783165606
1205,0,-0.1783165606,0.1783165606
1206,0,-0.1783165606,0.1783165606
1207,0,-0.1783165606,0.1783165606
1208,0,-0.1783165606,0.1783165606
1209,0,-0.1783165606,0.1783165606
1210,0,-0.1783165606,0.1783165606
1211,0,-0.1783165606,0.1783165606
1212,0,-0.1783165606,0.1783165606
1213,0,-0.1783165606,0.1783165606
1214,0,-0.1783165606,0.1783165606
1215,0,-0.1783165606,0.1783165606
1216,0,-0.1783165606,0.1783165606
1217,0,-0.1783165606,0.1783165606
1218,0,-0.1783165606,0.1783165606
1219,0,-0.1783165606,0.1783165606
1220,0,-0.1783165606,0.1783165606
1221,0,-0.1783165606,0.1783165606
1222,0,-0.1783165606,0.1783165606
1223,0,-0.1783165606,0.1783165606
1224,0,-0.1783165606,0.1783165606
1225,0,-0.1783165606,0.1783165606
1226,0,-0.1783165606,0.1783165606
1227,0,-0.1783165606,0.1783165606
1228,0,-0.1783165606,0.1783165606
1229,0,-0.1783165606,0.1783165606
1230,0,-0.1783165606,0.1783165606
1231,0,-0.1783165606,0.1783165606
1232,0,-0.1783165606,0.1783165606
1233,0,-0.1783165606,0.1783165606
1234,0,-0.1783165606,0.1783165606
1235,0,-0.1783165606,0.1783165606
1236,0,-0.1783165606,0.1783165606
1237,0,-0.1783165606,0.1783165606
1238,0,-0.1783165606,0.1783165606
1239,0,-0.1783165606,0.1783165606
1240,0,-0.1783165606,0.1783165606
1241,0,-0.1783165606,0.1783165606
1242,0,-0.1783165606,0.1783165606
1243,0,-0.1783165606,0.1783165606
1244,0,-0.1783165606,0.1783165606
1245,0,-0.1783165606,0.1783165606
1246,0,-0.1783165606,0.1783165606
1247,0,-0.1783165606,0.1783165606
1248,0,-0.1783165606,0.1783165606
1249,0,-0.1783165606,0.1783165606
1250,0,-0.1783165606,0.1783165606
1251,0,-0.1783165606,0.1783165606
1252,0,-0.1783165606,0.1783165606
1253,0,-0.1783165606,0.1783165606
1254,0,-0.1783165606,0.1783165606
1255,0,-0.1783165606,0.1783165606
1256,0,-0.1783165606,0.1783165606
1257,0,-0.1783165606,0.1783165606
1258,0,-0.1783165606,0.1783165606
1259,0,-0.1783165606,0.1783165606
1260,0,-0.1783165606,0.1783165606
1261,0,-0.1783165606,0.1783165606
1262,0,-0.1783165606,0.1783165606
1263,0,-0.1783165606,0.1783165606
1264,0,-0.1783165606,0.1783165606
1265,0,-0.1783165606,0.1783165606
1266,0,-0.1783165606,0.1783165606
1267,0,-0.1783165606,0.1783165606
1268,0,-0.1783165606,0.1783165606
1269,0,-0.1783165606,0.1783165606
1270,0,-0.1783165606,0.1783165606
1271,0,-0.1783165606,0.1783165606
1272,0,-0.1783165606,0.1783165606
1273,0,-0.1783165606,0.1783165606
1274,0,-0.1783165606,0.1783165606
1275,0,-0.1783165606,0.1783165606
1276,0,-0.1783165606,0.1783165606
1277,0,-0.1783165606,0.1783165606
1278,0,-0.1783165606,0.1783165606
1279,0,-0.1783165606,0.1783165606
1280,0,-0.1783165606,0.1783165606
1281,0,-0.1783165606,0.1783165606
1282,0,-0.1783165606,0.1783165606
1283,0,-0.1783165606,0.1783165606
1284,0,-0.1783165606,0.1783165606
1285,0,-0.1783165606,0.1783165606
1286,0,-0.1783165606,0.1783165606
1287,0,-0.1783165606,0.1783165606
1288,0,-0.1783165606,0.1783165606
1289,0,-0.1783165606,0.1783165606
1290,0,-0.1783165606,0.1783165606
1291,0,-0.1783165606,0.1783165606
1292,0,-0.1783165606,0.1783165606
1293,0,-0.1783165606,0.1783165606
1294,0,-0.1783165606,0.1783165606
1295,0,-0.1783165606,0.1783165606
1296,0,-0.1783165606,0.1783165606
1297,0,-0.1783165606,0.1783165606
1298,0,-0.1783165606,0.1783165606
1299,0,-0.1783165606,0.1783165606
1300,0,-0.1783165606,0.1783165606
1301,0,-0.1783165606,0.1783165606
1302,0,-0.1783165606,0.1783165606
1303,0,-0.1783165606,0.1783165606
1304,0,-0.1783165606,0.1783165606
1305,0,-0.1783165606,0.1783165606
1306,0,-0.1783165606,0.1783165606
1307,0,-0.1783165606,0.1783165606
1308,0,-0.1783165606,0.1783165606
1309,0,-0.1783165606,0.1783165606
1310,0,-0.1783165606,0.1783165606
1311,0,-0.1783165606,0.1783165606
1312,0,-0.1783165606,0.1783165606
1313,0,-0.1783165606,0.1783165606
1314,0,-0.1783165606,0.1783165606
1315,0,-0.1783165606,0.1783165606
1316,0,-0.1783165606,0.1783165606
1317,0,-0.1783165606,0.1783165606
1318,0,-0.1783165606,0.1783165606
1319,0,-0.1783165606,0.1783165606
1320,0,-0.1783165606,0.1783165606
1321,0,-0.1783165606,0.1783165606
1322,0,-0.1783165606,0.1783165606
1323,0,-0.1783165606,0.1783165606
1324,0,-0.1783165606,0.1783165606
1325,0,-0.1783165606,0.1783165606
1326,0,-0.1783165606,0.1783165606
1327,0,-0.1783165606,0.1783165606
1328,0,-0.1783165606,0.1783165606
1329,0,-0.1783165606,0.1783165606
1330,0,-0.1783165606,0.1783165606
1331,0,-0.1783165606,0.1783165606
1332,0,-0.1783165606,0.1783165606
1333,0,-0.1783165606,0.1783165606
1334,0,-0.1783165606,0.1783165606
1335,0,-0.1783165606,0.1783165606
1336,0,-0.1783165606,0.1783165606
1337,0,-0.1783165606,0.1783165606
1338,0,-0.1783165606,0.1783165606
1339,0,-0.1783165606,0.1783165606
1340,0,-0.1783165606,0.1783165606
1341,0,-0.1783165606,0.1783165606
1342,0,-0.1783165606,0.1783165606
1343,0,-0.1783165606,0.1783165606
1344,0,-0.1783165606,0.1783165606
1345,0,-0.1783165606,0.1783165606
1346,0,-0.1783165606,0.1783165606
1347,0,-0.1783165606,0.1783165606
1348,0,-0.1783165606,0.1783165606
1349,0,-0.1783165606,0.1783165606
1350,0,-0.1783165606,0.1783165606
1351,0,-0.1783165606,0.1783165606
1352,0,-0.1783165606,0.1783165606
1353,0,-0.1783165606,0.1783165606
1354,0,-0.1783165606,0.1783165606
1355,0,-0.1783165606,0.1783165606
1356,0,-0.1783165606,0.1783165606
1357,0,-0.1783165606,0.1783165606
1358,0,-0.1783165606,0.1783165606
1359,0,-0.1783165606,0.1783165606
1360,0,-0.1783165606,0.1783165606
1361,0,-0.1783165606,0.1783165606
1362,0,-0.1783165606,0.1783165606
1363,0,-0.1783165606,0.1783165606
1364,0,-0.1783165606,0.1783165606
1365,0,-0.1783165606,0.1783165606
1366,0,-0.1783165606,0.1783165606
1367,0,-0.1783165606,0.1783165606
1368,0,-0.1783165606,0.1783165606
1369,0,-0.1783165606,0.1783165606
1370,0,-0.1783165606,0.1783165606
1371,0,-0.1783165606,0.1783165606
1372,0,-0.1783165606,0.1783165606
1373,0,-0.1783165606,0.1783165606
1374,0,-0.1783165606,0.1783165606
1375,0,-0.1783165606,0.1783165606
1376,0,-0.1783165606,0.1783165606
1377,0,-0.1783165606,0.1783165606
1378,0,-0.1783165606,0.1783165606
1379,0,-0.1783165606,0.1783165606
1380,0,-0.1783165606,0.1783165606
1381,0,-0.1783165606,0.1783165606
1382,0,-0.1783165606,0.1783165606
1383,0,-0.1783165606,0.1783165606
1384,0,-0.1783165606,0.1783165606
1385,0,-0.1783165606,0.1783165606
1386,0,-0.1783165606,0.1783165606
1387,0,-0.1783165606,0.1783165606
1388,0,-0.1783165606,0.1783165606
1389,0,-0.1783165606,0.1783165606
1390,0,-0.1783165606,0.1783165606
1391,0,-0.1783165606,0.1783165606
1392,0,-0.1783165606,0.1783165606
1393,0,-0.1783165606,0.1783165606
1394,0,-0.1783165606,0.1783165606
1395,0,-0.1783165606,0.1783165606
1396,0,-0.1783165606,0.1783165606
1397,0,-0.1783165606,0.1783165606
1398,0,-0.1783165606,0.1783165606
1399,0,-0.1783165606,0.1783165606
1400,0,-0.1783165606,0.1783165606
1401,0,-0.1783165606,0.1783165606
1402,0,-0.1783165606,0.1783165606
1403,0,-0.1783165606,0.1783165606
1404,0,-0.1783165606,0.1783165606
1405,0,-0.1783165606,0.1783165606
1406,0,-0.1783165606,0.1783165606
1407,0,-0.1783165606,0.1783165606
1408,0,-0.1783165606,0.1783165606
1409,0,-0.1783165606,0.1783165606
1410,0,-0.1783165606,0.1783165606
1411,0,-0.1783165606,0.1783165606
1412,0,-0.1783165606,0.1783165606
1413,0,-0.1783165606,0.1783165606
1414,0,-0.1783165606,0.1783165606
1415,0,-0.1783165606,0.1783165606
1416,0,-0.1783165606,0.1783165606
1417,0,-0.1783165606,0.1783165606
1418,0,-0.1783165606,0.1783165606
1419,0,-0.1783165606,0.1783165606
1420,0,-0.1783165606,0.1783165606
1421,0,-0.1783165606,0.1783165606
1422,0,-0.1783165606,0.1783165606
1423,0,-0.1783165606,0.1783165606
1424,0,-0.1783165606,0.1783165606
1425,0,-0.1783165606,0.1783165606
1426,0,-0.1783165606,0.1783165606
1427,0,-0.1783165606,0.1783165606
1428,0,-0.1783165606,0.1783165606
1429,0,-0.1783165606,0.1783165606
1430,0,-0.1783165606,0.1783165606
1431,0,-0.1783165606,0.1783165606
1432,0,-0.1783165606,0.1783165606
1433,0,-0.1783165606,0.1783165606
1434,0,-0.1783165606,0.1783165606
1435,0,-0.1783165606,0.1783165606
1436,0,-0.1783165606,0.1783165606
1437,0,-0.1783165606,0.1783165606
1438,0,-0.1783165606,0.1783165606
1439,0,-0.1783165606,0.1783165606
1440,0,-0.1783165606,0.1783165606
1441,0,-0.1783165606,0.1783165606
1442,0,-0.1783165606,0.1783165606
1443,0,-0.1783165606,0.1783165606
1444,0,-0.1783165606,0.1783165606
1445,0,-0.1783165606,0.1783165606
1446,0,-0.1783165606,0.1783165606
1447,0,-0.1783165606,0.1783165606
1448,0,-0.1783165606,0.1783165606
1449,0,-0.1783165606,0.1783165606
1450,0,-0.1783165606,0.1783165606
1451,0,-0.1783165606,0.1783165606
1452,0,-0.1783165606,0.1783165606
1453,0,-0.1783165606,0.1783165606
1454,0,-0.1783165606,0.1783165606
1455,0,-0.1783165606,0.1783165606
1456,0,-0.1783165606,0.1783165606
1457,0,-0.1783165606,0.1783165606
1458,0,-0.1783165606,0.1783165606
1459,0,-0.1783165606,0.1783165606
1460,0,-0.1783165606,0.1783165606
1461,0,-0.1783165606,0.1783165606
1462,0,-0.1783165606,0.1783165606
1463,0,-0.1783165606,0.1783165606
1464,0,-0.1783165606,0.1783165606
1465,0,-0.1783165606,0.1783165606
1466,0,-0.1783165606,0.1783165606
1467,0,-0.1783165606,0.1783165606
1468,0,-0.1783165606,0.1783165606
1469,0,-0.1783165606,0.1783165606
1470,0,-0.1783165606,0.1783165606
1471,0,-0.1783165606,0.1783165606
1472,0,-0.1783165606,0.1783165606
1473,0,-0.1783165606,0.1783165606
1474,0,-0.1783165606,0.1783165606
1475,0,-0.1783165606,0.1783165606
1476,0,-0.1783165606,0.1783165606
1477,0,-0.1783165606,0.1783165606
1478,0,-0.1783165606,0.1783165606
1479,0,-0.1783165606,0.1783165606
1480,0,-0.1783165606,0.1783165606
1481,0,-0.1783165606,0.1783165606
1482,0,-0.1783165606,0.1783165606
1483,0,-0.1783165606,0.1783165606
1484,0,-0.1783165606,0.1783165606
1485,0,-0.1783165606,0.1783165606
1486,0,-0.1783165606,0.1783165606
1487,0,-0.1783165606,0.1783165606
1488,0,-0.1783165606,0.1783165606
1489,0,-0.1783165606,0.1783165606
1490,0,-0.1783165606,0.1783165606
1491,0,-0.1783165606,0.1783165606
1492,0,-0.1783165606,0.1783165606
1493,0,-0.1783165606,0.1783165606
1494,0,-0.1783165606,0.1783165606
1495,0,-0.1783165606,0.1783165606
1496,0,-0.1783165606,0.1783165606
1497,0,-0.1783165606,0.1783165606
1498,0,-0.1783165606,0.1783165606
1499,0,-0.1783165606,0.1783165606
1500,0,-0.1783165606,0.1783165606
1501,0,-0.1783165606,0.1783165606
1502,0,-0.1783165606,0.1783165606
1503,0,-0.1783165606,0.1783165606
1504,0,-0.1783165606,0.1783165606
1505,0,-0.1783165606,0.1783165606
1506,0,-0.1783165606,0.1783165606
1507,0,-0.1783165606,0.1783165606
1508,0,-0.1783165606,0.1783165606
1509,0,-0.1783165606,0.1783165606
1510,0,-0.1783165606,0.1783165606
1511,0,-0.1783165606,0.1783165606
1512,0,-0.1783165606,0.1783165606
1513,0,-0.1783165606,0.1783165606
1514,0,-0.1783165606,0.1783165606
1515,0,-0.1783165606,0.1783165606
1516,0,-0.1783165606,0.1783165606
1517,0,-0.1783165606,0.1783165606
1518,0,-0.1783165606,0.1783165606
1519,0,-0.1783165606,0.1783165606
1520,0,-0.1783165606,0.1783165606
1521,0,-0.1783165606,0.1783165606
1522,0,-0.1783165606,0.1783165606
1523,0,-0.1783165606,0.1783165606
1524,0,-0.1783165606,0.1783165606
1525,0,-0.1783165606,0.1783165606
1526,0,-0.1783165606,0.1783165606
1527,0,-0.1783165606,0.1783165606
1528,0,-0.1783165606,0.1783165606
1529,0,-0.1783165606,0.1783165606
1530,0,-0.1783165606,0.1783165606
1531,0,-0.1783165606,0.1783165606
1532,0,-0.1783165606,0.1783165606
1533,0,-0.1783165606,0.1783165606
1534,0,-0.1783165606,0.1783165606
1535,0,-0.1783165606,0.1783165606
1536,0,-0.1783165606,0.1783165606
1537,0,-0.1783165606,0.1783165606
1538,0,-0.1783165606,0.1783165606
1539,0,-0.1783165606,0.1783165606
1540,0,-0.1783165606,0.1783165606
1541,0,-0.1783165606,0.1783165606
1542,0,-0.1783165606,0.1783165606
1543,0,-0.1783165606,0.1783165606
1544,0,-0.1783165606,0.1783165606
1545,0,-0.1783165606,0.1783165606
1546,0,-0.1783165606,0.1783165606
1547,0,-0.1783165606,0.1783165606
1548,0,-0.1783165606,0.1783165606
1549,0,-0.1783165606,0.1783165606
1550,0,-0.1783165606,0.1783165606
1551,0,-0.1783165606,0.1783165606
1552,0,-0.1783165606,0.1783165606
1553,0,-0.1783165606,0.1783165606
1554,0,-0.1783165606,0.1783165606
1555,0,-0.1783165606,0.1783165606
1556,0,-0.1783165606,0.1783165606
1557,0,-0.1783165606,0.1783165606
1558,0,-0.1783165606,0.1783165606
1559,0,-0.1783165606,0.1783165606
1560,0,-0.1783165606,0.1783165606
1561,0,-0.1783165606,0.1783165606
1562,0,-0.1783165606,0.1783165606
1563,0,-0.1783165606,0.1783165606
1564,0,-0.1783165606,0.1783165606
1565,0,-0.1783165606,0.1783165606
1566,0,-0.1783165606,0.1783165606
1567,0,-0.1783165606,0.1783165606
1568,0,-0.1783165606,0.1783165606
1569,0,-0.1783165606,0.1783165606
1570,0,-0.1783165606,0.1783165606
1571,0,-0.1783165606,0.1783165606
1572,0,-0.1783165606,0.1783165606
1573,0,-0.1783165606,0.1783165606
1574,0,-0.1783165606,0.1783165606
1575,0,-0.1783165606,0.1783165606
1576,0,-0.1783165606,0.1783165606
1577,0,-0.1783165606,0.1783165606
1578,0,-0.1783165606,0.1783165606
1579,0,-0.1783165606,0.1783165606
1580,0,-0.1783165606,0.1783165606
1581,0,-0.1783165606,0.1783165606
1582,0,-0.1783165606,0.1783165606
1583,0,-0.1783165606,0.1783165606
1584,0,-0.1783165606,0.1783165606
1585,0,-0.1783165606,0.1783165606
1586,0,-0.1783165606,0.1783165606
1587,0,-0.1783165606,0.1783165606
1588,0,-0.1783165606,0.1783165606
1589,0,-0.1783165606,0.1783165606
1590,0,-0.1783165606,0.1783165606
1591,0,-0.1783165606,0.1783165606
1592,0,-0.1783165606,0.1783165606
1593,0,-0.1783165606,0.1783165606
1594,0,-0.1783165606,0.1783165606
1595,0,-0.1783165606,0.1783165606
1596,0,-0.1783165606,0.1783165606
1597,0,-0.1783165606,0.1783165606
1598,0,-0.1783165606,0.1783165606
1599,0,-0.1783165606,0.1783165606
1600,0,-0.1783165606,0.1783165606
1601,0,-0.1783165606,0.1783165606
1602,0,-0.1783165606,0.1783165606
1603,0,-0.1783165606,0.1783165606
1604,0,-0.1783165606,0.1783165606
1605,0,-0.1783165606,0.1783165606
1606,0,-0.1783165606,0.1783165606
1607,0,-0.1783165606,0.1783165606
1608,0,-0.1783165606,0.1783165606
1609,0,-0.1783165606,0.1783165606
1610,0,-0.1783165606,0.1783165606
1611,0,-0.1783165606,0.1783165606
1612,0,-0.1783165606,0.1783165606
1613,0,-0.1783165606,0.1783165606
1614,0,-0.1783165606,0.1783165606
1615,0,-0.1783165606,0.1783165606
1616,0,-0.1783165606,0.1783165606
1617,0,-0.1783165606,0.1783165606
1618,0,-0.1783165606,0.1783165606
1619,0,-0.1783165606,0.1783165606
1620,0,-0.1783165606,0.1783165606
1621,0,-0.1783165606,0.1783165606
1622,0,-0.1783165606,0.1783165606
1623,0,-0.1783165606,0.1783165606
1624,0,-0.1783165606,0.1783165606
1625,0,-0.1783165606,0.1783165606
1626,0,-0.1783165606,0.1783165606
1627,0,-0.1783165606,0.1783165606
1628,0,-0.1783165606,0.1783165606
1629,0,-0.1783165606,0.1783165606
1630,0,-0.1783165606,0.1783165606
1631,0,-0.1783165606,0.1783165606
1632,0,-0.1783165606,0.1783165606
1633,0,-0.1783165606,0.1783165606
1634,0,-0.1783165606,0.1783165606
1635,0,-0.1783165606,0.1783165606
1636,0,-0.1783165606,0.1783165606
1637,0,-0.1783165606,0.1783165606
1638,0,-0.1783165606,0.1783165606
1639,0,-0.1783165606,0.1783165606
1640,0,-0.1783165606,0.1783165606
1641,0,-0.1783165606,0.1783165606
1642,0,-0.1783165606,0.1783165606
1643,0,-0.1783165606,0.1783165606
1644,0,-0.1783165606,0.1783165606
1645,0,-0.1783165606,0.1783165606
1646,0,-0.1783165606,0.1783165606
1647,0,-0.1783165606,0.1783165606
1648,0,-0.1783165606,0.1783165606
1649,0,-0.1783165606,0.1783165606
1650,0,-0.1783165606,0.1783165606
1651,0,-0.1783165606,0.1783165606
1652,0,-0.1783165606,0.1783165606
1653,0,-0.1783165606,0.1783165606
1654,0,-0.1783165606,0.1783165606
1655,0,-0.1783165606,0.1783165606
1656,0,-0.1783165606,0.1783165606
1657,0,-0.1783165606,0.1783165606
1658,0,-0.1783165606,0.1783165606
1659,0,-0.1783165606,0.1783165606
1660,0,-0.1783165606,0.1783165606
1661,0,-0.1783165606,0.1783165606
1662,0,-0.1783165606,0.1783165606
1663,0,-0.1783165606,0.1783165606
1664,0,-0.1783165606,0.1783165606
1665,0,-0.1783165606,0.1783165606
1666,0,-0.1783165606,0.1783165606
1667,0,-0.1783165606,0.1783165606
1668,0,-0.1783165606,0.1783165606
1669,0,-0.1783165606,0.1783165606
1670,0,-0.1783165606,0.1783165606
1671,0,-0.1783165606,0.1783165606
1672,0,-0.1783165606,0.1783165606
1673,0,-0.1783165606,0.1783165606
1674,0,-0.1783165606,0.1783165606
1675,0,-0.1783165606,0.1783165606
1676,0,-0.1783165606,0.1783165606
1677,0,-0.1783165606,0.1783165606
1678,0,-0.1783165606,0.1783165606
1679,0,-0.1783165606,0.1783165606
1680,0,-0.1783165606,0.1783165606
1681,0,-0.1783165606,0.1783165606
1682,0,-0.1783165606,0.1783165606
1683,0,-0.1783165606,0.1783165606
1684,0,-0.1783165606,0.1783165606
1685,0,-0.1783165606,0.1783165606
1686,0,-0.1783165606,0.1783165606
1687,0,-0.1783165606,0.1783165606
1688,0,-0.1783165606,0.1783165606
1689,0,-0.1783165606,0.1783165606
1690,0,-0.1783165606,0.1783165606
1691,0,-0.1783165606,0.1783165606
1692,0,-0.1783165606,0.1783165606
1693,0,-0.1783165606,0.1783165606
1694,0,-0.1783165606,0.1783165606
1695,0,-0.1783165606,0.1783165606
1696,0,-0.1783165606,0.1783165606
1697,0,-0.1783165606,0.1783165606
1698,0,-0.1783165606,0.1783165606
1699,0,-0.1783165606,0.1783165606
1700,0,-0.1783165606,0.1783165606
1701,0,-0.1783165606,0.1783165606
1702,0,-0.1783165606,0.1783165606
1703,0,-0.1783165606,0.1783165606
1704,0,-0.1783165606,0.1783165606
1705,0,-0.1783165606,0.1783165606
1706,0,-0.1783165606,0.1783165606
1707,0,-0.1783165606,0.1783165606
1708,0,-0.1783165606,0.1783165606
1709,0,-0.1783165606,0.1783165606
1710,0,-0.1783165606,0.1783165606
1711,0,-0.1783165606,0.1783165606
1712,0,-0.1783165606,0.1783165606
1713,0,-0.1783165606,0.1783165606
1714,0,-0.1783165606,0.1783165606
1715,0,-0.1783165606,0.1783165606
1716,0,-0.1783165606,0.1783165606
1717,0,-0.1783165606,0.1783165606
1718,0,-0.1783165606,0.1783165606
1719,0,-0.1783165606,0.1783165606
1720,0,-0.1783165606,0.1783165606
1721,0,-0.1783165606,0.1783165606
1722,0,-0.1783165606,0.1783165606
1723,0,-0.1783165606,0.1783165606
1724,0,-0.1783165606,0.1783165606
1725,0,-0.1783165606,0.1783165606
1726,0,-0.1783165606,0.1783165606
1727,0,-0.1783165606,0.1783165606
1728,0,-0.1783165606,0.1783165606
1729,0,-0.1783165606,0.1783165606
1730,0,-0.1783165606,0.1783165606
1731,0,-0.1783165606,0.1783165606
1732,0,-0.1783165606,0.1783165606
1733,0,-0.1783165606,0.1783165606
1734,0,-0.1783165606,0.1783165606
1735,0,-0.1783165606,0.1783165606
1736,0,-0.1783165606,0.1783165606
1737,0,-0.1783165606,0.1783165606
1738,0,-0.1783165606,0.1783165606
1739,0,-0.1783165606,0.1783165606
1740,0,-0.1783165606,0.1783165606
1741,0,-0.1783165606,0.1783165606
1742,0,-0.1783165606,0.1783165606
1743,0,-0.1783165606,0.1783165606
1744,0,-0.1783165606,0.1783165606
1745,0,-0.1783165606,0.1783165606
1746,0,-0.1783165606,0.1783165606
1747,0,-0.1783165606,0.1783165606
1748,0,-0.1783165606,0.1783165606
1749,0,-0.1783165606,0.1783165606
1750,0,-0.1783165606,0.1783165606
1751,0,-0.1783165606,0.1783165606
1752,0,-0.1783165606,0.1783165606
1753,0,-0.1783165606,0.1783165606
1754,0,-0.1783165606,0.1783165606
1755,0,-0.1783165606,0.1783165606
1756,0,-0.1783165606,0.1783165606
1757,0,-0.1783165606,0.1783165606
1758,0,-0.1783165606,0.1783165606
1759,0,-0.1783165606,0.1783165606
1760,0,-0.1783165606,0.1783165606
1761,0,-0.1783165606,0.1783165606
1762,0,-0.1783165606,0.1783165606
1763,0,-0.1783165606,0.1783165606
1764,0,-0.1783165606,0.1783165606
1765,0,-0.1783165606,0.1783165606
1766,0,-0.1783165606,0.1783165606
1767,0,-0.1783165606,0.1783165606
1768,0,-0.1783165606,0.1783165606
1769,0,-0.1783165606,0.1783165606
1770,0,-0.1783165606,0.1783165606
1771,0,-0.1783165606,0.1783165606
1772,0,-0.1783165606,0.1783165606
1773,0,-0.1783165606,0.1783165606
1774,0,-0.1783165606,0.1783165606
1775,0,-0.1783165606,0.1783165606
1776,0,-0.1783165606,0.1783165606
1777,0,-0.1783165606,0.1783165606
1778,0,-0.1783165606,0.1783165606
1779,0,-0.1783165606,0.1783165606
1780,0,-0.1783165606,0.1783165606
1781,0,-0.1783165606,0.1783165606
1782,0,-0.1783165606,0.1783165606
1783,0,-0.1783165606,0.1783165606
1784,0,-0.1783165606,0.1783165606
1785,0,-0.1783165606,0.1783165606
1786,0,-0.1783165606,0.1783165606
1787,0,-0.1783165606,0.1783165606
1788,0,-0.1783165606,0.1783165606
1789,0,-0.1783165606,0.1783165606
1790,0,-0.1783165606,0.1783165606
1791,0,-0.1783165606,0.1783165606
1792,0,-0.1783165606,0.1783165606
1793,0,-0.1783165606,0.1783165606
1794,0,-0.1783165606,0.1783165606
1795,0,-0.1783165606,0.1783165606
1796,0,-0.1783165606,0.1783165606
1797,0,-0.1783165606,0.1783165606
1798,0,-0.1783165606,0.1783165606
1799,0,-0.1783165606,0.1783165606
1800,0,-0.1783165606,0.1783165606
1801,0,-0.1783165606,0.1783165606
1802,0,-0.1783165606,0.1783165606
1803,0,-0.1783165606,0.1783165606
1804,0,-0.1783165606,0.1783165606
1805,0,-0.1783165606,0.1783165606
1806,0,-0.1783165606,0.1783165606
1807,0,-0.1783165606,0.1783165606
1808,0,-0.1783165606,0.1783165606
1809,0,-0.1783165606,0.1783165606
1810,0,-0.1783165606,0.1783165606
1811,0,-0.1783165606,0.1783165606
1812,0,-0.1783165606,0.1783165606
1813,0,-0.1783165606,0.1783165606
1814,0,-0.1783165606,0.1783165606
1815,0,-0.1783165606,0.1783165606
1816,0,-0.1783165606,0.1783165606
1817,0,-0.1783165606,0.1783165606
1818,0,-0.1783165606,0.1783165606
1819,0,-0.1783165606,0.1783165606
1820,0,-0.1783165606,0.1783165606
1821,0,-0.1783165606,0.1783165606
1822,0,-0.1783165606,0.1783165606
1823,0,-0.1783165606,0.1783165606
1824,0,-0.1783165606,0.1783165606
1825,0,-0.1783165606,0.1783165606
1826,0,-0.1783165606,0.1783165606
1827,0,-0.1783165606,0.1783165606
1828,0,-0.1783165606,0.1783165606
1829,0,-0.1783165606,0.1783165606
1830,0,-0.1783165606,0.1783165606
1831,0,-0.1783165606,0.1783165606
1832,0,-0.1783165606,0.1783165606
1833,0,-0.1783165606,0.1783165606
1834,0,-0.1783165606,0.1783165606
1835,0,-0.1783165606,0.1783165606
1836,0,-0.1783165606,0.1783165606
1837,0,-0.1783165606,0.1783165606
1838,0,-0.1783165606,0.1783165606
1839,0,-0.1783165606,0.1783165606
1840,0,-0.1783165606,0.1783165606
1841,0,-0.1783165606,0.1783165606
1842,0,-0.1783165606,0.1783165606
1843,0,-0.1783165606,0.1783165606
1844,0,-0.1783165606,0.1783165606
1845,0,-0.1783165606,0.1783165606
1846,0,-0.1783165606,0.1783165606
1847,0,-0.1783165606,0.1783165606
1848,0,-0.1783165606,0.1783165606
1849,0,-0.1783165606,0.1783165606
1850,0,-0.1783165606,0.1783165606
1851,0,-0.1783165606,0.1783165606
1852,0,-0.1783165606,0.1783165606
1853,0,-0.1783165606,0.1783165606
1854,0,-0.1783165606,0.1783165606
1855,0,-0.1783165606,0.1783165606
1856,0,-0.1783165606,0.1783165606
1857,0,-0.1783165606,0.1783165606
1858,0,-0.1783165606,0.1783165606
1859,0,-0.1783165606,0.1783165606
1860,0,-0.1783165606,0.1783165606
1861,0,-0.1783165606,0.1783165606
1862,0,-0.1783165606,0.1783165606
1863,0,-0.1783165606,0.1783165606
1864,0,-0.1783165606,0.1783165606
1865,0,-0.1783165606,0.1783165606
1866,0,-0.1783165606,0.1783165606
1867,0,-0.1783165606,0.1783165606
1868,0,-0.1783165606,0.1783165606
1869,0,-0.1783165606,0.1783165606
1870,0,-0.1783165606,0.1783165606
1871,0,-0.1783165606,0.1783165606
1872,0,-0.1783165606,0.1783165606
1873,0,-0.1783165606,0.1783165606
1874,0,-0.1783165606,0.1783165606
1875,0,-0.1783165606,0.1783165606
1876,0,-0.1783165606,0.1783165606
1877,0,-0.1783165606,0.1783165606
1878,0,-0.1783165606,0.1783165606
1879,0,-0.1783165606,0.1783165606
1880,0,-0.1783165606,0.1783165606
1881,0,-0.1783165606,0.1783165606
1882,0,-0.1783165606,0.1783165606
1883,0,-0.1783165606,0.1783165606
1884,0,-0.1783165606,0.1783165606
1885,0,-0.1783165606,0.1783165606
1886,0,-0.1783165606,0.1783165606
1887,0,-0.1783165606,0.1783165606
1888,0,-0.1783165606,0.1783165606
1889,0,-0.1783165606,0.1783165606
1890,0,-0.1783165606,0.1783165606
1891,0,-0.1783165606,0.1783165606
1892,0,-0.1783165606,0.1783165606
1893,0,-0.1783165606,0.1783165606
1894,0,-0.1783165606,0.1783165606
1895,0,-0.1783165606,0.1783165606
1896,0,-0.1783165606,0.1783165606
1897,0,-0.1783165606,0.1783165606
1898,0,-0.1783165606,0.1783165606
1899,0,-0.1783165606,0.1783165606
1900,0,-0.1783165606,0.1783165606
1901,0,-0.1783165606,0.1783165606
1902,0,-0.1783165606,0.1783165606
1903,0,-0.1783165606,0.1783165606
1904,0,-0.1783165606,0.1783165606
1905,0,-0.1783165606,0.1783165606
1906,0,-0.1783165606,0.1783165606
1907,0,-0.1783165606,0.1783165606
1908,0,-0.1783165606,0.1783165606
1909,0,-0.1783165606,0.1783165606
1910,0,-0.1783165606,0.1783165606
1911,0,-0.1783165606,0.1783165606
1912,0,-0.1783165606,0.1783165606
1913,0,-0.1783165606,0.1783165606
1914,0,-0.1783165606,0.1783165606
1915,0,-0.1783165606,0.1783165606
1916,0,-0.1783165606,0.1783165606
1917,0,-0.1783165606,0.1783165606
1918,0,-0.1783165606,0.1783165606
1919,0,-0.1783165606,0.1783165606
1920,0,-0.1783165606,0.1783165606
1921,0,-0.1783165606,0.1783165606
1922,0,-0.1783165606,0.1783165606
1923,0,-0.1783165606,0.1783165606
1924,0,-0.1783165606,0.1783165606
1925,0,-0.1783165606,0.1783165606
1926,0,-0.1783165606,0.1783165606
1927,0,-0.1783165606,0.1783165606
1928,0,-0.1783165606,0.1783165606
1929,0,-0.1783165606,0.1783165606
1930,0,-0.1783165606,0.1783165606
1931,0,-0.1783165606,0.1783165606
1932,0,-0.1783165606,0.1783165606
1933,0,-0.1783165606,0.1783165606
1934,0,-0.1783165606,0.1783165606
1935,0,-0.1783165606,0.1783165606
1936,0,-0.1783165606,0.1783165606
1937,0,-0.1783165606,0.1783165606
1938,0,-0.1783165606,0.1783165606
1939,0,-0.1783165606,0.1783165606
1940,0,-0.1783165606,0.1783165606
1941,0,-0.1783165606,0.1783165606
1942,0,-0.1783165606,0.1783165606
1943,0,-0.1783165606,0.1783165606
1944,0,-0.1783165606,0.1783165606
1945,0,-0.1783165606,0.1783165606
1946,0,-0.1783165606,0.1783165606
1947,0,-0.1783165606,0.1783165606
1948,0,-0.1783165606,0.1783165606
1949,0,-0.1783165606,0.1783165606
1950,0,-0.1783165606,0.1783165606
1951,0,-0.1783165606,0.1783165606
1952,0,-0.1783165606,0.1783165606
1953,0,-0.1783165606,0.1783165606
1954,0,-0.1783165606,0.1783165606
1955,0,-0.1783165606,0.1783165606
1956,0,-0.1783165606,0.1783165606
1957,0,-0.1783165606,0.1783165606
1958,0,-0.1783165606,0.1783165606
1959,0,-0.1783165606,0.1783165606
1960,0,-0.1783165606,0.1783165606
1961,0,-0.1783165606,0.1783165606
1962,0,-0.1783165606,0.1783165606
1963,0,-0.1783165606,0.1783165606
1964,0,-0.1783165606,0.1783165606
1965,0,-0.1783165606,0.1783165606
1966,0,-0.1783165606,0.1783165606
1967,0,-0.1783165606,0.1783165606
1968,0,-0.1783165606,0.1783165606
1969,0,-0.1783165606,0.1783165606
1970,0,-0.1783165606,0.1783165606
1971,0,-0.1783165606,0.1783165606
1972,0,-0.1783165606,0.1783165606
1973,0,-0.1783165606,0.1783165606
1974,0,-0.1783165606,0.1783165606
1975,0,-0.1783165606,0.1783165606
1976,0,-0.1783165606,0.1783165606
1977,0,-0.1783165606,0.1783165606
1978,0,-0.1783165606,0.1783165606
1979,0,-0.1783165606,0.1783165606
1980,0,-0.1783165606,0.1783165606
1981,0,-0.1783165606,0.1783165606
1982,0,-0.1783165606,0.1783165606
1983,0,-0.1783165606,0.1783165606
1984,0,-0.1783165606,0.1783165606
1985,0,-0.1783165606,0.1783165606
1986,0,-0.1783165606,0.1783165606
1987,0,-0.1783165606,0.1783165606
1988,0,-0.1783165606,0.1783165606
1989,0,-0.1783165606,0.1783165606
1990,0,-0.1783165606,0.1783165606
1991,0,-0.1783165606,0.1783165606
1992,0,-0.1783165606,0.1783165606
1993,0,-0.1783165606,0.1783165606
1994,0,-0.1783165606,0.1783165606
1995,0,-0.1783165606,0.1783165606
1996,0,-0.1783165606,0.1783165606
1997,0,-0.1783165606,0.1783165606
1998,0,-0.1783165606,0.1783165606
1999,0,-0.1783165606,0.1783165606
2000,0,-0.1783165606,0.1783165606
2001,0,-0.1783165606,0.1783165606
2002,0,-0.1783165606,0.1783165606
2003,0,-0.1783165606,0.1783165606
2004,0,-0.1783165606,0.1783165606
2005,0,-0.1783165606,0.1783165606
2006,0,-0.1783165606,0.1783165606
2007,0,-0.1783165606,0.1783165606
2008,0,-0.1783165606,0.1783165606
2009,0,-0.1783165606,0.1783165606
2010,0,-0.1783165606,0.1783165606
2011,0,-0.1783165606,0.1783165606
2012,0,-0.1783165606,0.1783165606
2013,0,-0.1783165606,0.1783165606
2014,0,-0.1783165606,0.1783165606
2015,0,-0.1783165606,0.1783165606
2016,0,-0.1783165606,0.1783165606
2017,0,-0.1783165606,0.1783165606
2018,0,-0.1783165606,0.1783165606
2019,0,-0.1783165606,0.1783165606
2020,0,-0.1783165606,0.1783165606
2021,0,-0.1783165606,0.1783165606
2022,0,-0.1783165606,0.1783165606
2023,0,-0.1783165606,0.1783165606
2024,0,-0.1783165606,0.1783165606
2025,0,-0.1783165606,0.1783165606
2026,0,-0.1783165606,0.1783165606
2027,0,-0.1783165606,0.1783165606
2028,0,-0.1783165606,0.1783165606
2029,0,-0.1783165606,0.1783165606
2030,0,-0.1783165606,0.1783165606
2031,0,-0.1783165606,0.1783165606
2032,0,-0.1783165606,0.1783165606
2033,0,-0.1783165606,0.1783165606
2034,0,-0.1783165606,0.1783165606
